{"Object" : "ObjID46" : {
	"IntersectionEllipsePlaneFrontUPRightCone" : 17.76971920188188, 
	"DistanceGnomonHoleEdgeAxisEllipse" : 127.65261891396115, 
	"DistanceGnomonHoleEdgeOrtho" : 127.65010143772567, 
	"DistancePointsFrontUPTop" : 196.45413868954103, 
	"DistancePointsTopBack" : 193.69092324282246, 
	"DistancePointsBackBottom" : 193.74132133601017, 
	"DistancePointsBottomFrontLP" : 195.9846010561809, 
	"DistancePointsFrontLPFrontUP" : 195.26283004802454, 
	"DistancePointsWestTop" : 169.30832118120318, 
	"DistancePointsEastTop" : 167.17414053502995
}, 
"Object" : "ObjID126" : {
	"IntersectionEllipsePlaneFrontUPRightCone" : 17.76971920188188, 
	"DistanceGnomonHoleEdgeAxisEllipse" : 127.65261891396115, 
	"DistanceGnomonHoleEdgeOrtho" : 127.65010143772567, 
	"DistancePointsFrontUPTop" : 196.45413868954103, 
	"DistancePointsTopBack" : 193.69092324282246, 
	"DistancePointsBackBottom" : 193.74132133601017, 
	"DistancePointsBottomFrontLP" : 195.9846010561809, 
	"DistancePointsFrontLPFrontUP" : 195.26283004802454, 
	"DistancePointsWestTop" : 169.30832118120318, 
	"DistancePointsEastTop" : 167.17414053502995
}, 
"Object" : "ObjID127" : {
	"IntersectionEllipsePlaneFrontUPRightCone" : 17.76971920188188, 
	"DistanceGnomonHoleEdgeAxisEllipse" : 127.65261891396115, 
	"DistanceGnomonHoleEdgeOrtho" : 127.65010143772567, 
	"DistancePointsFrontUPTop" : 196.45413868954103, 
	"DistancePointsTopBack" : 193.69092324282246, 
	"DistancePointsBackBottom" : 193.74132133601017, 
	"DistancePointsBottomFrontLP" : 195.9846010561809, 
	"DistancePointsFrontLPFrontUP" : 195.26283004802454, 
	"DistancePointsWestTop" : 169.30832118120318, 
	"DistancePointsEastTop" : 167.17414053502995
}, 
"Object" : "ObjID128" : {
	"IntersectionEllipsePlaneFrontUPRightCone" : 17.76971920188188, 
	"DistanceGnomonHoleEdgeAxisEllipse" : 127.65261891396115, 
	"DistanceGnomonHoleEdgeOrtho" : 127.65010143772567, 
	"DistancePointsFrontUPTop" : 196.45413868954103, 
	"DistancePointsTopBack" : 193.69092324282246, 
	"DistancePointsBackBottom" : 193.74132133601017, 
	"DistancePointsBottomFrontLP" : 195.9846010561809, 
	"DistancePointsFrontLPFrontUP" : 195.26283004802454, 
	"DistancePointsWestTop" : 169.30832118120318, 
	"DistancePointsEastTop" : 167.17414053502995
}, 
"Object" : "ObjID129" : {
	"IntersectionEllipsePlaneFrontUPRightCone" : 17.76971920188188, 
	"DistanceGnomonHoleEdgeAxisEllipse" : 127.65261891396115, 
	"DistanceGnomonHoleEdgeOrtho" : 127.65010143772567, 
	"DistancePointsFrontUPTop" : 196.45413868954103, 
	"DistancePointsTopBack" : 193.69092324282246, 
	"DistancePointsBackBottom" : 193.74132133601017, 
	"DistancePointsBottomFrontLP" : 195.9846010561809, 
	"DistancePointsFrontLPFrontUP" : 195.26283004802454, 
	"DistancePointsWestTop" : 169.30832118120318, 
	"DistancePointsEastTop" : 167.17414053502995
}, 
"Object" : "ObjID130" : {
	"IntersectionEllipsePlaneFrontUPRightCone" : 17.76971920188188, 
	"DistanceGnomonHoleEdgeAxisEllipse" : 127.65261891396115, 
	"DistanceGnomonHoleEdgeOrtho" : 127.65010143772567, 
	"DistancePointsFrontUPTop" : 196.45413868954103, 
	"DistancePointsTopBack" : 193.69092324282246, 
	"DistancePointsBackBottom" : 193.74132133601017, 
	"DistancePointsBottomFrontLP" : 195.9846010561809, 
	"DistancePointsFrontLPFrontUP" : 195.26283004802454, 
	"DistancePointsWestTop" : 169.30832118120318, 
	"DistancePointsEastTop" : 167.17414053502995
}, 
"Object" : "ObjID130" : {
	"IntersectionEllipsePlaneFrontUPRightCone" : 17.76971920188188, 
	"DistanceGnomonHoleEdgeAxisEllipse" : 127.65261891396115, 
	"DistanceGnomonHoleEdgeOrtho" : 127.65010143772567, 
	"DistancePointsFrontUPTop" : 196.45413868954103, 
	"DistancePointsTopBack" : 193.69092324282246, 
	"DistancePointsBackBottom" : 193.74132133601017, 
	"DistancePointsBottomFrontLP" : 195.9846010561809, 
	"DistancePointsFrontLPFrontUP" : 195.26283004802454, 
	"DistancePointsWestTop" : 169.30832118120318, 
	"DistancePointsEastTop" : 167.17414053502995
}, 
"Object" : "ObjID131" : {
	"IntersectionEllipsePlaneFrontUPRightCone" : 17.76971920188188, 
	"DistanceGnomonHoleEdgeAxisEllipse" : 127.65261891396115, 
	"DistanceGnomonHoleEdgeOrtho" : 127.65010143772567, 
	"DistancePointsFrontUPTop" : 196.45413868954103, 
	"DistancePointsTopBack" : 193.69092324282246, 
	"DistancePointsBackBottom" : 193.74132133601017, 
	"DistancePointsBottomFrontLP" : 195.9846010561809, 
	"DistancePointsFrontLPFrontUP" : 195.26283004802454, 
	"DistancePointsWestTop" : 169.30832118120318, 
	"DistancePointsEastTop" : 167.17414053502995
}, 
"Object" : "ObjID132" : {
	"IntersectionEllipsePlaneFrontUPRightCone" : 17.76971920188188, 
	"DistanceGnomonHoleEdgeAxisEllipse" : 127.65261891396115, 
	"DistanceGnomonHoleEdgeOrtho" : 127.65010143772567, 
	"DistancePointsFrontUPTop" : 196.45413868954103, 
	"DistancePointsTopBack" : 193.69092324282246, 
	"DistancePointsBackBottom" : 193.74132133601017, 
	"DistancePointsBottomFrontLP" : 195.9846010561809, 
	"DistancePointsFrontLPFrontUP" : 195.26283004802454, 
	"DistancePointsWestTop" : 169.30832118120318, 
	"DistancePointsEastTop" : 167.17414053502995
}, 
"Object" : "ObjID133" : {
	"IntersectionEllipsePlaneFrontUPRightCone" : 17.76971920188188, 
	"DistanceGnomonHoleEdgeAxisEllipse" : 127.65261891396115, 
	"DistanceGnomonHoleEdgeOrtho" : 127.65010143772567, 
	"DistancePointsFrontUPTop" : 196.45413868954103, 
	"DistancePointsTopBack" : 193.69092324282246, 
	"DistancePointsBackBottom" : 193.74132133601017, 
	"DistancePointsBottomFrontLP" : 195.9846010561809, 
	"DistancePointsFrontLPFrontUP" : 195.26283004802454, 
	"DistancePointsWestTop" : 169.30832118120318, 
	"DistancePointsEastTop" : 167.17414053502995
}, 
"Object" : "ObjID134" : {
	"IntersectionEllipsePlaneFrontUPRightCone" : 17.76971920188188, 
	"DistanceGnomonHoleEdgeAxisEllipse" : 127.65261891396115, 
	"DistanceGnomonHoleEdgeOrtho" : 127.65010143772567, 
	"DistancePointsFrontUPTop" : 196.45413868954103, 
	"DistancePointsTopBack" : 193.69092324282246, 
	"DistancePointsBackBottom" : 193.74132133601017, 
	"DistancePointsBottomFrontLP" : 195.9846010561809, 
	"DistancePointsFrontLPFrontUP" : 195.26283004802454, 
	"DistancePointsWestTop" : 169.30832118120318, 
	"DistancePointsEastTop" : 167.17414053502995
}, 
"Object" : "ObjID135" : {
	"IntersectionEllipsePlaneFrontUPRightCone" : 17.76971920188188, 
	"DistanceGnomonHoleEdgeAxisEllipse" : 127.65261891396115, 
	"DistanceGnomonHoleEdgeOrtho" : 127.65010143772567, 
	"DistancePointsFrontUPTop" : 196.45413868954103, 
	"DistancePointsTopBack" : 193.69092324282246, 
	"DistancePointsBackBottom" : 193.74132133601017, 
	"DistancePointsBottomFrontLP" : 195.9846010561809, 
	"DistancePointsFrontLPFrontUP" : 195.26283004802454, 
	"DistancePointsWestTop" : 169.30832118120318, 
	"DistancePointsEastTop" : 167.17414053502995
}, 
"Object" : "ObjID150" : {
	"IntersectionEllipsePlaneFrontUPRightCone" : 17.76971920188188, 
	"DistanceGnomonHoleEdgeAxisEllipse" : 127.65261891396115, 
	"DistanceGnomonHoleEdgeOrtho" : 127.65010143772567, 
	"DistancePointsFrontUPTop" : 196.45413868954103, 
	"DistancePointsTopBack" : 193.69092324282246, 
	"DistancePointsBackBottom" : 193.74132133601017, 
	"DistancePointsBottomFrontLP" : 195.9846010561809, 
	"DistancePointsFrontLPFrontUP" : 195.26283004802454, 
	"DistancePointsWestTop" : 169.30832118120318, 
	"DistancePointsEastTop" : 167.17414053502995
}, 
"Object" : "ObjID191" : {
	"IntersectionEllipsePlaneFrontUPRightCone" : 17.76971920188188, 
	"DistanceGnomonHoleEdgeAxisEllipse" : 127.65261891396115, 
	"DistanceGnomonHoleEdgeOrtho" : 127.65010143772567, 
	"DistancePointsFrontUPTop" : 196.45413868954103, 
	"DistancePointsTopBack" : 193.69092324282246, 
	"DistancePointsBackBottom" : 193.74132133601017, 
	"DistancePointsBottomFrontLP" : 195.9846010561809, 
	"DistancePointsFrontLPFrontUP" : 195.26283004802454, 
	"DistancePointsWestTop" : 169.30832118120318,